1;Livre jeunesse;1189;Max se trouve trop petit;Saint-Mars, Dominique de
2;Livre jeunesse;1101;Lili a trop honte;Saint-Mars, Dominique de
3;Livre jeunesse;1079;Max en a marre de sa soeur;Saint-Mars, Dominique de
4;Livre jeunesse;1075;Max et Lili cherchent leur métier;Saint-Mars, Dominique de
5;Livre jeunesse;1055;Max et Lili en ont marre de se dépêcher;Saint-Mars, Dominique de
6;Livre jeunesse;1053;Lili est harcelée à l'école;Saint-Mars, Dominique de
7;Livre jeunesse;1050;Max et Lili ont des pouvoirs magiques;Saint-Mars, Dominique de
8;Livre jeunesse;1032;Va-t'en, grand monstre vert !;Emberley, Ed
9;Livre jeunesse;1022;Max et Lili veulent être populaires;Saint-Mars, Dominique de
10;Livre jeunesse;1020;Max et Lili ont du mal à se concentrer;Saint-Mars, Dominique de
11;Livre jeunesse;1019;Max et Lili ont peur des images violentes;Saint-Mars, Dominique de
12;Livre jeunesse;1018;Max et Lili décident de bien manger;Saint-Mars, Dominique de
13;Livre jeunesse;1015;Max et Lili vont chez papy et mamie;Saint-Mars, Dominique de
14;Bande dessinée jeunesse;996;Astérix et la Transitalique;Ferri, Jean-Yves
15;Livre jeunesse;995;Lili invite une copine en vacances;Saint-Mars, Dominique de
16;Livre jeunesse;982;Max et Lili trouvent leur cousin angoissé;Saint-Mars, Dominique de
17;Livre jeunesse;970;La copine de Lili n'a pas de papa;Saint-Mars, Dominique de
18;Bande dessinée jeunesse;970;Subliiiimes !;Cohen, Jacqueline
19;Livre jeunesse;952;Max et Lili veulent être gentils;Saint-Mars, Dominique de
20;Livre jeunesse;945;Max boude;Saint-Mars, Dominique de
21;Bande dessinée jeunesse;936;Ben ça, alors !;Cohen, Jacqueline
22;Livre jeunesse;934;Max et Lili ont volé des bonbons;Saint Mars, Dominique de
23;Livre jeunesse;930;Lili veut un téléphone portable;Saint-Mars, Dominique de
24;Livre jeunesse;895;Lili se fait piéger sur internet;Saint-Mars, Dominique de
25;Livre jeunesse;886;Max et Lili ne font pas leurs devoirs;Saint-Mars, Dominique de
26;Livre jeunesse;886;Lili est stressée par la rentrée;Saint-Mars, Dominique de
27;Bande dessinée jeunesse;879;La salsa des saucisses;Cohen, Jacqueline
28;Bande dessinée jeunesse;870;Ca roule !;Cohen, Jacqueline
29;Bande dessinée jeunesse;868;Les fous du mercredi;Cohen, Jacqueline
30;Livre jeunesse;866;Max et Lili font du camping;Saint-Mars, Dominique de
31;Livre jeunesse;861;Max et Lili veulent éduquer leurs parents;Saint-Mars, Dominique de
32;Livre jeunesse;855;Le tonton de Max et Lili est en prison;Saint-Mars, Dominique de
33;Livre jeunesse;852;Lili va chez la psy;Saint-Mars, Dominique de
34;Livre jeunesse;848;Max veut sauver les animaux;Saint-Mars, Dominique de
35;Livre jeunesse;843;Max et Lili veulent tout savoir sur les bébés;Saint Mars, Dominique de
36;Livre jeunesse;840;Lili fait des cauchemars;Saint-Mars, Dominique de
37;Bande dessinée jeunesse;837;Astérix chez les Pictes;Ferri, Jean-Yves
38;Livre jeunesse;833;Max se fait insulter à la récré;Saint Mars, Dominique de
39;Livre jeunesse;825;Lili veut faire une boum;Saint Mars, Dominique de
40;Bande dessinée jeunesse;824;Bande de sauvages !;Cohen, Jacqueline
41;Bande dessinée jeunesse;824;Les premiers de la casse;Cohen, Jacqueline
42;Livre jeunesse;822;Lili est fâchée avec sa copine;Saint Mars, Dominique de
43;Livre jeunesse;819;Max embête les filles;Saint-Mars, Dominique de
44;Livre jeunesse;819;Lili trouve sa maîtresse méchante;Saint-Mars, Dominique de
45;Livre jeunesse;818;Max et Lili se posent des questions sur Dieu;Saint Mars, Dominique de
46;Livre jeunesse;815;Max et Lili fêtent Noël en famille;Saint Mars, Dominique de
47;Bande dessinée jeunesse;814;Drôle de cirque !;Cohen, Jacqueline
48;Livre jeunesse;813;La copine de Lili a une maladie grave;Saint Mars, Dominique de
49;Bande dessinée jeunesse;811;Le papyrus de César;Ferri, Jean-Yves
50;Bande dessinée jeunesse;808;Le cycle d'Anathos : la marque du destin;Sobral, Patrick
51;Bande dessinée jeunesse;805;La pierre de Jovénia;Sobral, Patrick
52;Livre jeunesse;804;Max et Lili veulent tout tout de suite !;Saint Mars, Dominique de
53;Bande dessinée jeunesse;804;Poux, papous et pas papous;Cohen, Jacqueline
54;Livre jeunesse;803;Lili veut choisir ses habits;Saint Mars, Dominique de
55;Bande dessinée jeunesse;798;Le gardien;Sobral, Patrick
56;Livre jeunesse;797;Max et lili sont fans de marques;Saint-Mars, Dominique de
57;Livre jeunesse;797;Lili est amoureuse;Saint-Mars, Dominique de
58;Livre jeunesse;797;Max aime les monstres;Saint-Mars, Dominique de
59;Bande dessinée jeunesse;796;Tom-Tom et l'impossible Nana;Cohen, Jacqueline
60;Livre jeunesse;795;Le chien de Max et Lili est mort;Saint Mars, Dominique de
61;Bande dessinée jeunesse;788;Main du futur;Sobral, Patrick
62;Livre jeunesse;787;Lili se dispute avec son frère;Saint Mars, Dominique de
63;Bande dessinée jeunesse;787;Increvables !;Cohen, Jacqueline
64;Bande dessinée jeunesse;786;Mortebouse;Neel, Julien
65;Bande dessinée jeunesse;783;Au zoo, les zozos !;Cohen, Jacqueline
66;Bande dessinée jeunesse;783;Ici Radio-casserole;Cohen, Jacqueline
67;Bande dessinée jeunesse;783;Trop, c'est trop !;Cohen, Jacqueline
68;Bande dessinée jeunesse;781;Journal infime;Neel, Julien
69;Bande dessinée jeunesse;780;Tremblez, carcasses !;Cohen, Jacqueline
70;Bande dessinée jeunesse;779;A l'attaque !;Cohen, Jacqueline
71;Bande dessinée jeunesse;776;Les Légendaires. 14. L'héritage du mal;Sobral, Patrick
72;Livre jeunesse;775;Lili a peur de la mort;Saint-Mars, Dominique de
73;Livre jeunesse;772;Lili veut etre une star;Saint Mars, Dominique de
74;Livre jeunesse;770;Lili veut un petit chat;Saint Mars, Dominique de
75;Livre jeunesse;768;Lili regarde trop la télé;Saint Mars, Dominique de
76;Livre jeunesse;767;Max n'en fait qu'à sa tête;Saint-Mars, Dominique de
77;Bande dessinée jeunesse;765;Les dents du lapin;Guibert, Emmanuel
78;Bande dessinée jeunesse;764;Les mabouls déboulent !;Cohen, Jaqueline
79;Livre jeunesse;763;Max et Lili aident les enfants du monde;Saint-Mars, Dominique de
80;Livre jeunesse;763;Max ne respecte rien;Saint-Mars, Dominique de
81;Bande dessinée jeunesse;762;Lou !. 5;Neel, Julien
82;Bande dessinée jeunesse;760;Aube et crépuscule;Sobral, Patrick
83;Livre jeunesse;759;Lili a un chagrin d'amour;Saint Mars, Dominique de
84;Livre jeunesse;759;Lili fait sa commandante;Saint-Mars, Dominique de
85;Bande dessinée jeunesse;757;Abracada...boum !;Cohen, Jacqueline
86;Bande dessinée jeunesse;756;Le réveil du Kréa-Kaos;Sobral, Patrick
87;Livre jeunesse;754;Max est racketté;Saint Mars, Dominique de
88;Livre jeunesse;754;Les parents de Max et Lili se disputent;Saint Mars, Dominique de
89;Livre jeunesse;752;Max décide de faire des efforts;Saint-Mars, Dominique de
90;Bande dessinée jeunesse;749;Salut, les zinzins !;Cohen, Jacqueline
91;Livre jeunesse;748;Max se trouve nul;Saint-Mars, Dominique de
92;Bande dessinée jeunesse;748;Les vacances infernales;Cohen, Jacqueline
93;Livre pour adulte;746;L'ordre du jour : récit;Vuillard, Éric
94;Bande dessinée jeunesse;744;Frères ennemis;Sobral, Patrick
95;Livre jeunesse;742;Max n'aime pas lire;Saint Mars, Dominique de
96;Livre jeunesse;740;Lili se trouve moche;Saint Mars, Dominique de
97;Bande dessinée jeunesse;739;La fête à la grenouille;Guibert, Emmanuel
98;Bande dessinée jeunesse;737;Griffes et plumes;Sobral, Patrick
99;Livre jeunesse;736;Lili a la passion du cheval;Saint-Mars, Dominique de
100;Livre jeunesse;733;Emilie n'aime pas quand sa mère boit trop;Saint-Mars, Dominique de
101;Livre jeunesse;733;Lili n'aime que les frites;Saint-Mars, Dominique de
102;Livre jeunesse;733;Max est fou de jeux vidéo;Saint-Mars, Dominique de
103;Bande dessinée jeunesse;733;Les Légendaires. 15. Amour mortel;Sobral, Patrick
104;Bande dessinée jeunesse;732;Les Légendaires. 18. La fin de l'histoire ?;Sobral, Patrick
105;Bande dessinée jeunesse;732;Lou !. 7. La cabane;Neel, Julien
106;Livre jeunesse;730;Max ne veut pas se laver;Saint-Mars, Dominique de
107;Bande dessinée jeunesse;730;L'exode de Kalandre;Sobral, Patrick
108;Livre jeunesse;729;Max n'aime pas l'école;Saint Mars, Dominique de
109;Bande dessinée jeunesse;726;L'Alystory;Sobral, Patrick
110;Livre jeunesse;726;Lili se fait toujours gronder;Saint Mars, Dominique de
111;Bande dessinée jeunesse;724;Ariol. 7. Le maître-chien;Guibert, Emmanuel
112;Livre pour adulte;721;Souvenirs dormants;Modiano, Patrick
113;Livre jeunesse;721;Grand-père est mort;Saint Mars, Dominique de
114;Bande dessinée jeunesse;720;C'est dans sa nature;Cazenove, Christophe
115;Livre jeunesse;719;La maison de Max et Lili a été cambriolée;Saint Mars, Dominique de
116;Livre jeunesse;718;Lili est malpolie;Saint Mars, Dominique de
117;Livre jeunesse;715;Max trouve que c'est pas juste;Saint Mars, Dominique de
118;Livre jeunesse;714;Max va à l'hopital;Saint Mars, Dominique de
119;Bande dessinée jeunesse;712;Les Légendaires. 16. L'éternité ne dure qu'un temps;Sobral, Patrick
120;Livre jeunesse;707;Le père de Max et Lili est au chômage;Saint Mars, Dominique de
121;Livre pour adulte;706;Quand sort la recluse;Vargas, Fred
122;Bande dessinée jeunesse;705;Les Légendaires. 19. World without : Artémus le Légendaire;Sobral, Patrick
123;Livre jeunesse;705;Max fait pipi au lit;Saint-Mars, Dominique de
124;Livre jeunesse;704;Max et Lili ont peur;Saint Mars, Dominique de
125;Bande dessinée jeunesse;704;Les trois baudets;Guibert, Emmanuel
126;Livre jeunesse;700;Max et Lili sont malades;Saint-Mars, Dominique de
127;Bande dessinée jeunesse;697;A fond le slip !;Zep
128;Livre jeunesse;697;Max est timide;Saint Mars, Dominique de
129;Bande dessinée jeunesse;695;Idylles;Neel, Julien
130;Bande dessinée jeunesse;694;Les deux terreurs;Cohen, Jacqueline
131;Livre jeunesse;694;Emilie a déménagé;Saint Mars, Dominique de
132;Livre jeunesse;692;Simon a deux maisons;Saint Mars, Dominique de
133;Livre jeunesse;691;Lili découvre sa Mamie;Saint Mars, Dominique de
134;Bande dessinée jeunesse;690;Versus inferno;Sobral, Patrick
135;Livre jeunesse;688;Max est dans la lune;Saint-Mars, Dominique de
136;Livre jeunesse;688;Lili a été suivie;Saint Mars, Dominique de
137;Bande dessinée jeunesse;685;C'est nikol crème !;Cazenove, Christophe
138;Bande dessinée jeunesse;685;Sang royal;Sobral, Patrick
139;Bande dessinée jeunesse;684;Le cycle d'Anathos : renaissance;Sobral, Patrick
140;Bande dessinée jeunesse;683;Coeur du passé;Sobral, Patrick
141;Bande dessinée jeunesse;681;Ça sent la croquette !;Mr Tan
142;Livre jeunesse;679;Max veut etre délégué de classe;Saint Mars, Dominique de
143;Bande dessinée jeunesse;679;Nadia se marie;Zep
144;Livre jeunesse;678;Max est casse-cou;Saint Mars, Dominique de
145;Bande dessinée jeunesse;677;Astérix et le chaudron;Goscinny, René
146;Bande dessinée jeunesse;676;Danaël;Sobral, Patrick
147;Bande dessinée jeunesse;676;Parents à vendre;Mr Tan
148;Livre jeunesse;675;Max et Lili se sont perdus;Saint Mars, Dominique de
149;Livre jeunesse;675;Lili ne veut pas se coucher;Saint Mars, Dominique de
150;Bande dessinée jeunesse;675;Lou !. 6. L'âge de cristal;Neel, Julien
151;Livre jeunesse;672;Max adore jouer;Saint Mars, Dominique de
152;Livre pour adulte;669;Les loyautés;Vigan, Delphine de
153;Livre jeunesse;668;Lucien n'a pas de copains;Saint Mars, Dominique de
154;Livre jeunesse;667;"Max raconte des ""bobards""";Saint Mars, Dominique de
155;Bande dessinée jeunesse;662;Le royaume des larmes;Sobral, Patrick
156;Bande dessinée jeunesse;662;C'est elle qui a commencé;Cazenove, Christophe
157;Bande dessinée jeunesse;659;Shimy;Sobral, Patrick
158;Livre jeunesse;653;Max n'aime pas perdre;Saint Mars, Dominique de
159;Bande dessinée jeunesse;652;Et que ça saute !;Cohen, Jacqueline
160;Livre sonore jeunesse;652;L'anniversaire de Coco;Du Bouchet, Paule
161;Livre jeunesse;651;Alex est handicapé;Saint Mars, Dominique de
162;Livre jeunesse;649;Max va à la peche avec son père;Saint-Mars, Dominique de
163;Bande dessinée jeunesse;649;Les légendaires : Les origines. 03. Gryfenfer;Sobral, Patrick
164;Bande dessinée jeunesse;649;Obélix et compagnie;Goscinny, René
165;Livre jeunesse;647;Marlène grignote tout le temps;Saint-Mars, Dominique de
166;Bande dessinée jeunesse;647;Astérix et les Goths;Goscinny, René
167;Bande dessinée jeunesse;646;Mortelle Adèle. 2. L'enfer c'est les autres;Tan
168;Bande dessinée jeunesse;645;Titeuf. 14. Bienvenue en adolescence !;Zep
169;Livre jeunesse;640;Lili rêve d'être une femme;Saint-Mars, Dominique de
170;Bande dessinée jeunesse;639;Ca va chauffer !;Cohen, Jacqueline
171;Livre pour adulte;636;La femme de l'ombre;Arnaldur Indriđason
172;Bande dessinée jeunesse;636;Un talent monstre !;Tan
173;Bande dessinée jeunesse;636;Toujours dans les pattes !;Cazenove, Christophe
174;Bande dessinée jeunesse;636;Astérix et les Normands;Goscinny, René
175;Livre jeunesse;635;Jérémy est maltraité;Saint Mars, Dominique de
176;Livre jeunesse;633;Grosse colère;Allancé, Mireille d'
177;Livre jeunesse;633;Lili veut protéger la nature;Saint Mars, Dominique de
178;Bande dessinée jeunesse;633;Mortelle Adèle. 3. C'est pas ma faute !;Tan
179;Bande dessinée jeunesse;632;Anatole Latuile. 6. Pas de panique !;Didier, Anne
180;Bande dessinée jeunesse;629;A la pêche aux nouilles !;Mr Tan
181;Livre jeunesse;629;Max ne pense qu'au zizi;Saint-Mars, Dominique de
182;Bande dessinée jeunesse;628;Astérix et Latraviata;Uderzo, Albert
183;Bande dessinée jeunesse;628;Le devin;Goscinny, René
184;Livre jeunesse;628;Max est maladroit;Saint-Mars, Dominique de
185;Livre jeunesse;627;Max se bagarre;Saint Mars, Dominique de
186;Bande dessinée jeunesse;627;Les nombrils. 6. Un été trop mortel !;Delaf
187;Livre jeunesse;626;Nina a été adoptée;Saint Mars, Dominique de
188;Bande dessinée jeunesse;624;Ca déménage !;Didier, Anne
189;Livre jeunesse;622;Lili part en camp de vacances;Saint Mars, Dominique de
190;Livre jeunesse;620;Max et Lili veulent des câlins;Saint Mars, Dominique de
191;Bande dessinée jeunesse;620;Le roi du chahut;Didier, Anne
192;Livre pour adulte;618;Frappe-toi le coeur;Nothomb, Amélie
193;Livre jeunesse;618;Bébés chouettes;Waddell, Martin
194;Bande dessinée jeunesse;617;Mortelle Adèle. T.10 . Choubidoulove;
195;Bande dessinée jeunesse;616;La rentrée des claques;Mr Tan
196;Bande dessinée jeunesse;616;Mortelle Adèle. 5. Poussez-vous les moches;Tan
197;Livre jeunesse;615;Les parents de Zoé divorcent;Saint Mars, Dominique de
198;Bande dessinée jeunesse;613;Astérix aux Jeux Olympiques;Goscinny, René
199;Livre pour adulte;612;Celle qui fuit et celle qui reste;Ferrante, Elena
200;Bande dessinée jeunesse;612;Le coq sportif;Guibert, Emmanuel
201;Bande dessinée jeunesse;612;Sauve qui peut;Didier, Anne
202;Livre pour adulte;610;Chanson douce;Slimani, Leïla
203;Bande dessinée jeunesse;610;Elle a tellement changé;Lyfoung, Patricia
204;Bande dessinée jeunesse;609;Un namour de sister;Maury, William
205;Bande dessinée jeunesse;605;Duel de belles;Delaf
206;Bande dessinée jeunesse;602;Pas de pitié pour les nazebroques !;Tan
207;Bande dessinée jeunesse;602;Tu aurais dû me laisser mourir;Lyfoung, Patricia
208;Livre jeunesse;601;Lili est désordre;Saint Mars, Dominique de
209;Bande dessinée jeunesse;601;Tout ça finira mal;Tan
210;Bande dessinée jeunesse;601;Le domaine des dieux;Goscinny, René
211;Bande dessinée jeunesse;600;La rose écarlate. 7. Tu seras toujours à moi;Lyfoung, Patricia
212;Bande dessinée jeunesse;599;Je serai toujours avec toi;Lyfoung, Patricia
213;Bande dessinée jeunesse;599;Jadina;Sobral, Patrick
214;Livre jeunesse;598;Lili veut de l'argent de poche;Saint Mars, Dominique de
215;Bande dessinée jeunesse;597;Je crois que je t'aime;Lyfoung, Patricia
216;Livre jeunesse;596;Max et Koffi sont copains;Saint Mars, Dominique de
217;Bande dessinée jeunesse;594;Sale temps pour les moches;Delaf
218;Bande dessinée jeunesse;593;Mon coup d'soleil, c'est toi !;Cazenove, Christophe
219;Bande dessinée jeunesse;592;La grande traversée;Goscinny, René
220;Livre pour adulte;590;La disparition de Josef Mengele;Guez, Olivier
221;Bande dessinée jeunesse;590;Un couple d'enfer;Delaf
222;Bande dessinée jeunesse;589;Les petits rats de l'Opéra;Guibert, Emmanuel
223;Livre jeunesse;586;Grrr !;Maubille, Jean
224;Livre jeunesse;584;Lili a peur des contrôles;Saint Mars, Dominique de
225;Bande dessinée jeunesse;584;A la mode de chez nous;Cazenove
226;Livre pour adulte;581;Double piège;Coben, Harlan
227;Bande dessinée jeunesse;581;Chat méchant;Guibert, Emmanuel
228;Bande dessinée jeunesse;580;Les nombrils. 3. Les liens de l'amitié;Delaf
229;Bande dessinée jeunesse;579;Le sot à ski;Coppée, Thierry
230;Bande dessinée jeunesse;578;Où est Pétula ?;Guibert, Emmanuel
231;Livre jeunesse;577;Le cousin de Max et Lili se drogue;Saint Mars, Dominique de
232;Bande dessinée jeunesse;576;J'irai voir Venise;Lyfoung, Patricia
233;Bande dessinée jeunesse;576;Quelle chouchoute !;Maury, William
234;Bande dessinée jeunesse;576;Tout pour lui plaire !;Cazenove, Christophe
235;Bande dessinée jeunesse;575;Ça va dégominer !;Didier, Anne
236;Bande dessinée jeunesse;574;Une jolie vache;Guibert, Emmanuel
237;Livre pour adulte;573;On la trouvait plutôt jolie;Bussi, Michel
238;Bande dessinée jeunesse;570;La loi du préau;Zep
239;Livre sonore jeunesse;570;Coco et son pot;Du Bouchet, Paule
240;Bande dessinée jeunesse;569;C'est magique !;Cohen, Jacqueline
241;Bande dessinée jeunesse;569;Un petit âne comme vous et moi;Guibert, Emmanuel
242;Bande dessinée jeunesse;568;L'épreuve de farce;Coppée, Thierry
243;Bande dessinée jeunesse;567;La rose écarlate. 12. Tu m'as ouvert les yeux;Lyfoung, Patricia
244;Bande dessinée jeunesse;566;Je veux que tu m'aimes !;Lyfoung, Patricia
245;Bande dessinée jeunesse;566;Mortelle Adèle. 4. J'aime pas l'amour;Tan
246;Livre jeunesse;564;Max veut se faire des amis;Saint-Mars, Dominique de
247;Bande dessinée jeunesse;563;J'irai où tu iras;Lyfoung, Patricia
248;Bande dessinée jeunesse;562;Ultra top secret !;Didier, Anne
249;Livre jeunesse;560;Harry Potter et l'enfant maudit : parties un et deux;Thorne, Jack
250;Bande dessinée jeunesse;558;Un bonheur presque parfait;Dubuc, Maryse
251;Bande dessinée jeunesse;558;Kid Paddle. 14. Serial player;Midam
252;Bande dessinée jeunesse;557;Bisbille fait mouche;Guibert, Emmanuel
253;Bande dessinée jeunesse;555;Astérix gladiateur;Goscinny, René
254;Bande dessinée jeunesse;551;Star à domicile;Nob
255;Bande dessinée jeunesse;551;Barbecue royal;Midam
256;Bande dessinée jeunesse;550;Le ciel lui tombe sur la tete;Uderzo, Albert
257;Bande dessinée jeunesse;549;Les nerfs à vif;Nob
258;Bande dessinée jeunesse;548;Le combat des chefs;Goscinny, René
259;Livre pour adulte;546;La fille qui rendait coup pour coup;Lagercrantz, David
260;Bande dessinée jeunesse;546;Les Schtroumpfs et les haricots mauves;Culliford, Thierry
261;Livre pour adulte;546;La symphonie du hasard. 1;Kennedy, Douglas
262;Bande dessinée jeunesse;546;Le miracle de la vie;Zep
263;Bande dessinée jeunesse;544;Copain comme cochon;Guibert, Emmanuel
264;Bande dessinée jeunesse;542;Me pardonneras-tu ?;Lyfoung, Patricia
265;Bande dessinée jeunesse;541;Le chevalier cheval;Guibert, Emmanuel
266;Bande dessinée jeunesse;540;Les Cartables décollent;Cohen, Jacqueline
267;Livre sonore jeunesse;540;Coco et le bébé;Du Bouchet, Paule
268;Bande dessinée jeunesse;538;Watergate;Midam
269;Bande dessinée jeunesse;537;Bonjour les cadeaux !;Cohen, Jacqueline
270;Livre sonore jeunesse;534;Coco à l'école;Du Bouchet, Paule
271;Bande dessinée jeunesse;533;Dégâts à gogo !;Cohen, Jacqueline
272;Bande dessinée jeunesse;532;L'apprenti schtroumpf;Peyo
273;DVD jeunesse;531;Mon voisin Totoro : (Sous réserve de disponibilité);
274;Bande dessinée jeunesse;530;Asterix en Corse;Goscinny, René
275;Bande dessinée jeunesse;530;Ducobu, élève modèle;Zidrou
276;Bande dessinée jeunesse;529;Mes meilleurs copains;Zep
277;DVD jeunesse;528;Vice-Versa;
278;Bande dessinée jeunesse;528;Game over. 13. Toxic affair;Midam
279;Bande dessinée jeunesse;528;L'odyssée d'Astérix;Uderzo, Albert
280;Livre sonore jeunesse;527;Coco en vacances;Du Bouchet, Paule
281;Bande dessinée jeunesse;527;Vol 714 pour Sydney;Hergé
282;Bande dessinée jeunesse;527;Astérix chez Rahàzade : ou le compte des mille et une heures;Uderzo, Albert
283;Bande dessinée jeunesse;527;Kid Paddle. 12. Panik room;Midam
284;Bande dessinée jeunesse;526;Un air de famille;Cazenove
285;Bande dessinée jeunesse;525;C'est pô juste...;Zep
286;Bande dessinée jeunesse;525;Allez, les monstres !;Cohen, Jacqueline
287;Bande dessinée jeunesse;524;Ca épate les filles...;Zep
288;Livre pour adulte;524;La sorcière;Läckberg, Camilla
289;Bande dessinée jeunesse;524;Naruto. 1;Kishimoto, Masashi
290;Bande dessinée jeunesse;522;Dad. 1. Filles à papa;Nob
291;Bande dessinée jeunesse;521;Fatal attraction;Adam
292;Bande dessinée jeunesse;521;L'élève dépasse le mètre;Coppée, Thierry
293;Bande dessinée jeunesse;520;Le cadeau de César;Goscinny, René
294;Bande dessinée jeunesse;519;L'amour, c'est pô propre...;Zep
295;Bande dessinée jeunesse;519;Super zéro !;Coppée, Thierry
296;Bande dessinée jeunesse;519;Seuls. 2. Le maître des couteaux;Gazzotti, Bruno
297;Livre jeunesse;519;Sur le chantier;Barton, Byron
298;Bande dessinée jeunesse;518;La machine à démourir;Vehlmann, Fabien
299;Bande dessinée jeunesse;518;Le trésor de Rackham le Rouge;Hergé
300;Livre pour adulte;517;L'enfant perdue;Ferrante, Elena
301;Bande dessinée jeunesse;517;Les Schtroumpfs et le Cracoucass;Peyo
302;Bande dessinée jeunesse;516;La Belle et le loup. 1;Lyfoung, Patricia
303;Bande dessinée jeunesse;516;La soupe aux schtroumpfs;Peyo
304;Bande dessinée jeunesse;516;Où es-tu ?;Lyfoung, Patricia
305;Livre jeunesse;515;Où est Spot, mon petit chien ?;Hill, Eric
306;Bande dessinée jeunesse;513;Le clan du requin;Gazzotti, Bruno
307;Livre pour adulte;512;Vernon Subutex. 3;Despentes, Virginie
308;Bande dessinée jeunesse;512;La galère d'Obélix;Uderzo, Albert
309;Livre sonore jeunesse;512;Le doudou de Coco : une histoire mise en musique;Du Bouchet, Paule
310;Bande dessinée jeunesse;511;On a marché sur la lune;Hergé
311;Livre pour adulte;510;Ils vont tuer Robert Kennedy;Dugain, Marc
312;Bande dessinée jeunesse;509;Very bad trip;Midam
313;Bande dessinée jeunesse;508;#Grosse;Zidrou
314;Livre pour adulte;508;La soif;Nesbo, Jo
315;Bande dessinée jeunesse;507;Un enfant chez les schtroumpfs;Díaz Vizoso, Miguel
316;Bande dessinée jeunesse;507;Le sens de la vie;Zep
317;Bande dessinée jeunesse;506;Les terres basses;Vehlmann, Fabien
318;Bande dessinée jeunesse;503;Les blagues de Toto. 12. Bête de concours;Coppée, Thierry
319;Livre pour adulte;503;La tresse;Colombani, Laetitia
320;Bande dessinée jeunesse;502;L'affaire Tournesol;Hergé
321;Bande dessinée jeunesse;502;Au coeur du maelström;Vehlmann, Fabien
322;Bande dessinée pour adulte;501;Les cahiers d'Esther. 3. Histoire de mes 12 ans;Sattouf, Riad
323;Bande dessinée jeunesse;500;Amies pour la vie !. 14;Darasse
324;Bande dessinée jeunesse;500;Le grand fossé;Uderzo, Albert
325;Bande dessinée jeunesse;500;Les Schtroumpfs de l'ordre;
326;Livre pour adulte;499;Couleurs de l'incendie;Lemaitre, Pierre
327;Bande dessinée jeunesse;498;Les sisters. 10. Survitaminées !;Cazenove, Christophe
328;Livre pour adulte;498;Tout homme est une nuit;Salvayre, Lydie
329;Livre pour adulte;498;Ma mère avait raison : roman;Jardin, Alexandre
330;Bande dessinée jeunesse;497;Je savais que je te rencontrerais;Lyfoung, Patricia
331;Bande dessinée jeunesse;497;Loin des yeux...;Darasse
332;Livre sonore jeunesse;496;Dodo, Coco !;Du Bouchet, Paule
333;Livre pour adulte;496;Et moi, je vis toujours;Ormesson, Jean d'
334;Bande dessinée jeunesse;496;Bienvenue au club !;Cohen, Jacqueline
335;DVD jeunesse;496;Hugo Cabret;
336;Bande dessinée jeunesse;496;Le spectre de la Bastille. 1;Lyfoung, Patricia
337;Bande dessinée jeunesse;496;Les Schtroumpfs et l'amour sorcier;Jost, Alain
338;Bande dessinée jeunesse;495;My hero academia. 1. Izuku Midoriya : les origines;Horikoshi, Kohei
339;Bande dessinée jeunesse;495;Paddle... my name is Kid Paddle;Midam
340;Bande dessinée jeunesse;495;Tchô, monde cruel;Zep
341;Bande dessinée jeunesse;495;Pour qui tu te prends ?;Delaf
342;Bande dessinée jeunesse;494;Tintin au pays de l'or noir;Hergé
343;Bande dessinée jeunesse;494;Tintin et les Picaros;Hergé
344;Bande dessinée jeunesse;494;L'histoire drôle;Coppée, Thierry
345;Livre pour adulte;492;Une fois dans ma vie;Legardinier, Gilles
346;Bande dessinée jeunesse;492;Astérix légionnaire;Goscinny, René
347;Bande dessinée jeunesse;491;La menace Schtroumpf;Parthoens, Luc
348;Bande dessinée jeunesse;490;Titeuf et le derrière des choses;Zep
349;Bande dessinée jeunesse;490;La quatrième dimension et demie;Vehlmann, Fabien
350;Bande dessinée jeunesse;489;Les 7 boules de cristal;Hergé
351;Bande dessinée jeunesse;489;Lâchez-moi le slip !;Zep
352;Bande dessinée jeunesse;489;Astérix chez les Helvètes;Goscinny, René
353;Bande dessinée jeunesse;488;Sous les cahiers, la plage;Coppée, Thierry
354;Bande dessinée jeunesse;488;L'oeuf et les schtroumpfs;Peyo
355;Bande dessinée jeunesse;488;Le schtroumpfissime;Delporte, Yvan
356;Bande dessinée pour adulte;487;Une jeunesse au Moyen-Orient : 1985-1987;Sattouf, Riad
357;Bande dessinée jeunesse;487;Dark, j'adore !;Midam
358;Livre pour adulte;486;L'amie prodigieuse : enfance, adolescence;Ferrante, Elena
359;Bande dessinée jeunesse;486;A la folie !;Darasse
360;Bande dessinée jeunesse;485;L'oreille cassée;Hergé
361;Bande dessinée jeunesse;482;Le secret de la Licorne;Hergé
362;Livre pour adulte;482;Trois baisers;Pancol, Katherine
363;Bande dessinée jeunesse;482;Apocalypse boy;Midam
364;Bande dessinée jeunesse;481;Dad. 2. Secrets de famille;Nob
365;Bande dessinée jeunesse;481;Le bébé schtroumpf;Peyo
366;Bande dessinée jeunesse;480;La dame en rouge. 2;Lyfoung, Patricia
367;Bande dessinée jeunesse;479;Aïe aïe eye;Midam
368;DVD jeunesse;478;La château dans le ciel;Miyazaki, Hayao
369;Bande dessinée jeunesse;477;Tintin au Tibet;Hergé
370;Bande dessinée jeunesse;477;Les schtroumpfs et le livre qui dit tout;Jost, Alain
371;Bande dessinée jeunesse;476;L'as des pitres;Coppée, Thierry
372;Bande dessinée jeunesse;475;Les bijoux de la Castafiore;Hergé
373;Jeux de société;475;Uno :;
374;Bande dessinée jeunesse;475;L'île noire;Hergé
375;DVD jeunesse;475;Ma vie de courgette;
376;Livre jeunesse;475;Le petit déjeuner de la famille Souris;Iwamura, Kazuo
377;Livre sonore jeunesse;475;Le pyjama de Coco;Du Bouchet, Paule
378;Livre pour adulte;473;Au fond de l'eau;Hawkins, Paula
379;Livre pour adulte;473;Alma;Le Clézio, Jean-Marie Gustave
380;Bande dessinée jeunesse;473;Le tour de Gaule d'Astérix;Goscinny, René
381;Bande dessinée jeunesse;473;Les blagues de Toto. 7. La classe qui rit;Coppée, Thierry
382;Livre jeunesse;473;Lili ne veut plus se montrer toute nue;Saint Mars, Dominique de
383;Bande dessinée jeunesse;472;Un copieur sachant copier;Godi, Bernard
384;Livre jeunesse;471;Double peine;Kinney, Jeff
385;Bande dessinée jeunesse;471;Punis pour le meilleur et pour le pire;Godi, Bernard
386;Livre pour adulte;470;Ör;Audur Ava Olafsdottir
387;Bande dessinée jeunesse;470;Le schtroumpf reporter;Parthoens, Luc
388;Bande dessinée jeunesse;470;Maman, je rigole !;Darasse
390;Livre pour adulte;469;Petit pays;Faye, Gael
391;Bande dessinée jeunesse;469;Le lotus bleu;Hergé
392;DVD jeunesse;468;Ernest et Célestine;
393;DVD jeunesse;468;Moi, moche et méchant 2;
394;Livre jeunesse;467;Délivrez-moi !;Sanders, Alex
395;Livre pour adulte;466;Entre deux mondes;Norek, Olivier
396;Livre pour adulte;466;Vie de David Hockney;Cusset, Catherine
397;Bande dessinée jeunesse;465;Le sceptre d'Ottokar;Hergé
398;Livre pour adulte;465;Les Bourgeois : roman;Ferney, Alice
399;Livre pour adulte;464;Chanson de la ville silencieuse : roman;Adam, Olivier
400;Livre jeunesse;464;Max part en classe verte;Saint-Mars, Dominique de
401;Bande dessinée jeunesse;464;Chi, une vie de chat. 1;Konami, K.
402;Livre jeunesse;462;Grand-mère sucre et grand-père chocolat;Bigot, Gigi
403;Livre jeunesse;462;Vroum ! Vroum !;Delebecque, François
404;Bande dessinée jeunesse;461;Système D;Zidrou
405;Bande dessinée jeunesse;461;L'étoile mystérieuse;Hergé
406;Bande dessinée jeunesse;461;Profession tricheur !;Godi, Bernard
407;Bande dessinée pour adulte;461;La magicienne;Lupano, Wilfrid
408;Livre jeunesse;461;Ca fait suer ! : guide de survie en milieu hostile;Kinney, Jeff
409;Bande dessinée jeunesse;460;La Schtroumpfette;Delporte, Yvan
410;Bande dessinée jeunesse;460;Tueurs à gags;Coppée, Thierry
411;Bande dessinée jeunesse;460;Vivement les vacances !;Godi, Bernard
412;Bande dessinée jeunesse;460;Slime project;Midam
413;Livre jeunesse;459;Bonsoir lune;Brown, Margaret Wise
414;Bande dessinée jeunesse;459;La rentrée des crasses;Coppée, Thierry
415;Livre sonore jeunesse;458;Coco et les bulles de savon;Du Bouchet, Paule
416;Bande dessinée jeunesse;458;Les Schtroumpfs à Pilulit;Jost, Alain
417;Bande dessinée jeunesse;457;Les lauriers de César;Goscinny, René
418;Livre pour adulte;456;L'art de perdre;Zeniter, Alice
419;Livre jeunesse;456;Petit-Bleu et Petit-Jaune : une histoire pour Pippo, Ann et tous les enfants;Lionni, Leo
420;Livre pour adulte;455;Le charme discret de l'intestin : tout sur un organe mal aimé;Enders, Giulia
421;Bande dessinée jeunesse;455;Objectif lune;Hergé
422;Livre pour adulte;454;Bakhita;Olmi, Véronique
423;Bande dessinée jeunesse;454;Peut mieux faire !;Godi, Bernard
424;Bande dessinée jeunesse;454;Les arènes;Vehlmann, Fabien
425;Bande dessinée jeunesse;454;Entre les deux, mon coeur balance...;Darasse
426;Bande dessinée jeunesse;452;Les goûts et les couleurs;Nob
427;Livre jeunesse;451;Max est jaloux;Saint Mars, Dominique de
428;Bande dessinée jeunesse;451;Titeuf. 13. A la folie !;Zep
429;Livre pour adulte;450;Origine;Brown, Dan
430;Bande dessinée jeunesse;450;Docteur schtroumpf;Parthoens, Luc
431;Bande dessinée jeunesse;450;Schtroumpf vert et vert schtroumpf;Peyo
432;Bande dessinée jeunesse;450;Les cairns rouges;Vehlmann, Fabien
433;Livre pour adulte;450;Au revoir là-haut : roman;Lemaitre, Pierre
434;Livre pour adulte;449;Minuit sur le canal San Boldo;Leon, Donna
435;Bande dessinée jeunesse;449;Yes, I can !;Patelin
436;Livre pour adulte;448;Au gré des jours;Héritier, Françoise
437;Bande dessinée jeunesse;448;Astérix en Hispanie;Goscinny, René
438;Bande dessinée jeunesse;448;Rodéo Blork;Midam
439;Bande dessinée jeunesse;448;Le maître blagueur;Coppée, Thierry
440;DVD jeunesse;447;Les minions;
441;DVD jeunesse;447;Rebelle;
442;Livre jeunesse;447;Zéro réseau;Kinney, Jeff
443;DVD jeunesse;447;Vaiana, la légende du bout du monde : Droit de prêt seulement;
444;Livre pour adulte;446;Entrez dans la danse;Teulé, Jean
445;Livre pour adulte;445;Le livre des Baltimore : roman;Dicker, Joël
446;DVD jeunesse;445;Fantastic Mr. Fox;
447;Bande dessinée jeunesse;444;Le fils d'Astérix;Uderzo, Albert
448;Bande dessinée jeunesse;444;Superstars;Cohen, Jacqueline
449;Bande dessinée jeunesse;444;Tom-Tom le roi de la tambouille;Cohen, Jacqueline
450;Livre jeunesse;443;Un looong voyage;Kinney, Jeff
451;Livre pour adulte;443;C'est le coeur qui lâche en dernier;Atwood, Margaret
452;Livre jeunesse;443;Max a une amoureuse;Saint Mars, Dominique de
453;Bande dessinée jeunesse;442;La lutte des classes;Godi, Bernard
454;Livre jeunesse;442;La vérité toute moche : grandir ou ne pas grandir, telle est la question !;Kinney, Jeff
455;Bande dessinée jeunesse;442;Faux départ !;Cauvin, Raoul
456;Livre pour adulte;441;Les rêveurs : roman;Carré, Isabelle
457;Bande dessinée jeunesse;441;Toujours plus fort !;Cohen, Jacqueline
458;Bande dessinée jeunesse;441;Diego;Darasse
459;Bande dessinée jeunesse;439;Fenetre sur cours;Pica
460;Bande dessinée jeunesse;438;Coke en stock;Hergé
461;Livre pour adulte;438;Le prince de Cochinchine : roman;Parot, Jean-François
462;Bande dessinée jeunesse;438;Full métal casquette;Midam
463;Bande dessinée jeunesse;438;Walking blork;Midam
464;Bande dessinée jeunesse;437;Le retour de la momie qui pue qui tue;Midam
465;Livre pour adulte;436;L'année du Lion : les mémoires de Nicolas Storm sur l'enquête de l'assassinat de son père : roman;Meyer, Deon
466;Bande dessinée jeunesse;436;L'école des vannes;Coppée, Thierry
467;Livre jeunesse;436;Joyeux anniversaire !;Nakagawa, Chihiro
468;Bande dessinée jeunesse;436;Quelle famille d'enfer !;Darasse
469;Bande dessinée pour adulte;435;L'Arabe du futur. 2. Une jeunesse au Moyen-Orient, 1984-1985;Sattouf, Riad
470;Livre pour adulte;435;Trois jours et une vie;Lemaitre, Pierre
471;Bande dessinée pour adulte;434;Une soeur;Vivès, Bastien
472;Bande dessinée jeunesse;434;Toujours plus fort !;Cohen, Jacqueline
473;Bande dessinée jeunesse;434;Les Schtroumpfs et l'arbre d'or;Culliford, Thierry
474;Bande dessinée jeunesse;434;Game over. 7. Only for your eyes;Adam
475;Livre pour adulte;433;Underground railroad : roman;Whitehead, Colson
476;Bande dessinée jeunesse;432;Akissi. 6. Sans amis;Abouet, Marguerite
477;Bande dessinée jeunesse;432;Alien Chantilly;Midam
478;Bande dessinée jeunesse;432;Schtroumpf-les-Bains;Culliford, Thierry
479;Bande dessinée pour adulte;431;Les cahiers d'Esther : histoire de mes 10 ans;Sattouf, Riad
480;Bande dessinée jeunesse;431;Les cigares du pharaon;Hergé
481;Bande dessinée jeunesse;430;Jeux de vilains;Midam
482;Bande dessinée jeunesse;430;Miss dix sur dix;Godi, Bernard
483;Bande dessinée jeunesse;429;Hors sujet;Erroc
484;Bande dessinée jeunesse;429;Tintin au Congo;Hergé
485;Livre jeunesse;429;Carrément claustro;Kinney, Jeff
486;Livre jeunesse;429;Saute;Matsuoka, Tatsuhide
487;Bande dessinée jeunesse;428;Premier service;Nob
488;Livre pour adulte;428;Jusqu'à l'impensable;Connelly, Michael
489;Bande dessinée jeunesse;428;Les p'tits schtroumpfs;Peyo
490;Livre jeunesse;428;La tototte;Lindgren, Barbro
491;Bande dessinée jeunesse;428;C'est quand qu'on part ?;Cauvin, Raoul
492;Bande dessinée jeunesse;427;My hero academia. 2. Déchaîne-toi, maudit nerd !;Horikoshi, Kohei
493;Bande dessinée jeunesse;427;Sardine de l'espace. 11. L'archipel des hommes-sandwichs;Sapin, Mathieu
494;Bande dessinée jeunesse;426;Faux départ;Abouet, Marguerite
495;Livre jeunesse;425;Mon papa;Browne, Anthony
496;Bande dessinée jeunesse;425;My hero academia. 3;Horikoshi, Kohei
497;Livre pour adulte;425;Et vous avez eu beau temps ? : la perfidie ordinaire des petites phrases;Delerm, Philippe
498;Bande dessinée jeunesse;425;Cédric. 26;Laudec
499;Bande dessinée jeunesse;425;Qui a volé la Joconde ?;Stilton, Geronimo
500;Livre pour adulte;425;Soumission;Houellebecq, Michel
501;Livre pour adulte;424;Temps glaciaires;Vargas, Fred
502;Bande dessinée jeunesse;424;Naruto. 72;Kishimoto, Masashi
503;DVD jeunesse;424;E.T. l'extra-terrestre;Spielberg, Steven
504;Livre jeunesse;424;Maman Quichon se fâche;Vaugelade, Anaïs
505;Bande dessinée jeunesse;424;Game over. 6. Sound of silence;
506;Bande dessinée jeunesse;423;La rose écarlate. 11. Peux-tu comprendre cela ?;Lyfoung, Patricia
507;Bande dessinée jeunesse;423;Ils sont partout !;Didier, Anne
508;Livre sonore jeunesse;423;Coco et le tambour;Du Bouchet, Paule
509;DVD jeunesse;423;Harry Potter et l'Ordre du Phénix;
510;Livre pour adulte;422;Une colonne de feu;Follett, Ken
511;Bande dessinée jeunesse;422;Histoires de schtroumpfs;Peyo
512;Bande dessinée jeunesse;422;Oh, le salaud !;Zidrou
513;Bande dessinée jeunesse;422;Game over. 8. Cold case : affaires glacées;Midam
514;Livre pour adulte;421;La serpe;Jaenada, Philippe
515;Bande dessinée jeunesse;421;Le canard calé;Guibert, Emmanuel
516;Bande dessinée jeunesse;421;C'est parti !;Didier, Anne
517;Bande dessinée jeunesse;420;Enfin seuls !;Cauvin, Raoul
518;DVD jeunesse;420;[Images animées] : Les trois brigands;Freitag, Hayo
519;Bande dessinée pour adulte;420;Une jeunesse au Moyen-Orient, 1978-1984;Sattouf, Riad
520;Bande dessinée jeunesse;418;La grande Schtroumpfette;Jost, Alain
521;Jeux Vidéos tous publics;417;Tablette Ipad : Parascolaire;
522;Bande dessinée jeunesse;417;Fairy Tail. 57;Mashima, Hiro
523;Bande dessinée jeunesse;416;Le spectre de la Bastille. 2;Lyfoung, Patricia
524;Bande dessinée jeunesse;415;La déesse sans visage;Chamblain, Joris
525;Bande dessinée jeunesse;414;Le Roi des cancres;Godi, Bernard
526;DVD jeunesse;414;Ratatouille;Bird, Brad
527;DVD jeunesse;414;Ponyo sur la falaise;Miyazaki, Hayao
528;Bande dessinée jeunesse;413;Premier de la classe (en commençant par la fin);Godi, Bernard
529;DVD jeunesse;413;L'âge de glace 4;
530;Livre pour adulte;412;Dernier jour à Budapest : roman;Marai, Sandor
531;Bande dessinée jeunesse;412;Vole-mouton;Abouet, Marguerite
532;Bande dessinée jeunesse;411;Une histoire des Schtroumpfs. 34. Les Schtroumpfs et le demi-génie;Jost, Alain
533;Bande dessinée pour adulte;411;Les cahiers d'Esther. Histoires de mes 11 ans;Sattouf, Riad
534;Bande dessinée jeunesse;411;Chi, une vie de chat. 3;Konami, K.
535;Bande dessinée jeunesse;411;Sardine de l'espace. 13. Le mange-manga;Guibert, Emmanuel
536;Bande dessinée pour adulte;410;Gérard : cinq années dans les pattes de Depardieu;Sapin, Mathieu
537;Bande dessinée jeunesse;410;Tu dépasses !;Darasse
538;Bande dessinée jeunesse;410;Naruto. 2;Kishimoto, Masashi
539;Bande dessinée jeunesse;410;Qu'est-ce qu'il a ?;Laudec
540;Livre pour adulte;409;Tenebra Roma;Carrisi, Donato
541;Livre jeunesse;409;Rodrick fait sa loi;Kinney, Jeff
542;Bande dessinée jeunesse;409;Boule et Bill. 33. A l'abordage !!;Verron, Laurent
543;Bande dessinée jeunesse;408;Cancre intergalactique;Bertschy
544;Bande dessinée jeunesse;408;Un rêve pour trois;Hamon, Jérôme
545;Bande dessinée jeunesse;408;Naruto. 4;Kishimoto, Masashi
546;Bande dessinée jeunesse;408;Big bisous baveux;Mr Tan
547;Livre jeunesse;407;Nina en colère;Naumann-Villemin, Christine
548;Bande dessinée jeunesse;407;Fairy Tail. 58;Mashima, Hiro
549;Livre pour adulte;407;Le miracle Spinoza : une philosophie pour éclairer notre vie;Lenoir, Frédéric
550;Bande dessinée jeunesse;407;L'étrange réveil du Schtroumpf paresseux;Peyo
551;Bande dessinée pour adulte;406;Culottées : des femmes qui ne font que ce qu'elles veulent. 1;Bagieu, Pénélope
552;Bande dessinée jeunesse;406;Mon meilleur ami;Verron, Laurent
553;Livre jeunesse;406;Papa dort;Le Saux, Alain
554;Bande dessinée jeunesse;405;Tom-Tom et ses idées explosives;Cohen, Jacqueline
555;Bande dessinée jeunesse;405;Boing ! Boing ! Bunk !;Midam
556;Bande dessinée jeunesse;405;Waterminator;Midam
557;Bande dessinée jeunesse;405;Naruto. 3;Kishimoto, Masashi
558;Bande dessinée jeunesse;405;Oohiohioo !;Didier, Anne
559;Livre sonore jeunesse;404;Coco et le poisson Ploc;Du Bouchet, Paule
560;Bande dessinée jeunesse;404;Rentrée musclée;Abouet, Marguerite
561;DVD jeunesse;403;Tous en scène;
562;DVD jeunesse;403;Kiki la petite sorcière;Miyazaki, Hayao
563;Livre jeunesse;403;Paris;Ledu, Stéphanie
564;Bande dessinée jeunesse;403;Le dernier des cinq trésors;Chamblain, Joris
565;Livre pour adulte;402;La vie secrète des arbres;Wohlleben, Peter
566;Livre pour adulte;402;Psychothérapie de Dieu;Cyrulnik, Boris
567;Bande dessinée jeunesse;402;Un prince à croquer. 1. Entrée;Lyfoung, Patricia
568;Livre jeunesse;401;Noir sur blanc;Hoban, Tana
569;Livre jeunesse;401;Papa conduit;Le Saux, Alain
570;Bande dessinée jeunesse;400;Fairy tail. 54;Mashima, Hiro
571;Bande dessinée jeunesse;400;My hero academia. 8. Momo Yaoyorozu : l'envol;Horikoshi, Kohei
572;Bande dessinée jeunesse;400;Fairy Tail. 1;Mashima, Hiro
573;Bande dessinée jeunesse;400;Ma première fois !;Darasse
574;Bande dessinée jeunesse;399;Frémissements;Horikoshi, Kohei
575;Livre pour adulte;399;Homo deus : une brève histoire de l'avenir;Harari, Yuval Noah
576;Bande dessinée jeunesse;399;Naruto. 6;Kishimito, Masashi
577;Bande dessinée jeunesse;399;No problemo;
578;DVD jeunesse;399;Harry Potter et le prisonnier d'Azkaban;Cuaron, Alfonso
579;DVD jeunesse;399;Moi, moche et méchant;
580;Livre jeunesse;398;La famille Souris et la mare aux libellules;Iwamura, Kazuo
581;Bande dessinée jeunesse;398;Gâteau-surprise;Laudec
582;DVD jeunesse;397;Paddington;
583;Livre jeunesse;397;La chasse à l'ours;Rosen, Michael
584;Bande dessinée jeunesse;397;Gouzi gouzi gouzi;Midam
585;Livre jeunesse;397;Le livre de la nuit;Berner, Rotraut Susanne
586;Bande dessinée jeunesse;397;Le livre d'Hector;Chamblain, Joris
587;Livre jeunesse;397;Un coeur à prendre;Kinney, Jeff
588;Bande dessinée jeunesse;397;Mixture magique;Abouet, Marguerite
589;Bande dessinée jeunesse;396;La Rose écarlate : missions. 3. La dame en rouge;Lyfoung, Patricia
590;Bande dessinée jeunesse;396;Un prince à croquer. 4. Dessert;Lyfoung, Patricia
591;Bande dessinée jeunesse;396;Bill est un gros rapporteur !;Cazenove, Christophe
592;Bande dessinée pour adulte;396;Culottées : des femmes qui ne font que ce qu'elles veulent. 2;Bagieu, Pénélope
593;Bande dessinée jeunesse;396;Un amour de cocker;Verron, Laurent
594;Bande dessinée jeunesse;395;La terre promise;Jul
595;Livre pour adulte;395;Sexe et mensonges : la vie sexuelle au Maroc;Slimani, Leïla
596;Bande dessinée jeunesse;395;Classe touriste;Pica
597;DVD jeunesse;395;Harry Potter et le Prince de sang-mêlé;Yates, David
598;Livre pour adulte;394;Dans l'ombre;Arnaldur Indriđason
599;Bande dessinée pour adulte;394;L'homme au sang bleu;Moynot, Emmanuel
600;Bande dessinée jeunesse;394;Chi, une vie de chat. 2;Konami, K.
601;Bande dessinée jeunesse;394;Chi, une vie de chat. 5;Konami, K.
602;Bande dessinée jeunesse;394;Yakari et la tueuse des mers;Job
603;Livre jeunesse;392;Le gâteau perché tout là-haut;Strasser, Susanne
604;DVD jeunesse;392;Comme des bêtes;
605;Bande dessinée jeunesse;392;Emile et Margot. 7. Monstres en folie;Didier, Anne
606;Bande dessinée jeunesse;392;La zizanie;Goscinny, René
607;Bande dessinée jeunesse;392;Naruto. 9;Kishimoto, Masashi
608;Bande dessinée jeunesse;392;Rythme scolaire;Pica
609;Bande dessinée jeunesse;392;Môssieur Susupe et môssieur Krokro;Guibert, Emmanuel
610;DVD jeunesse;391;Shaun le mouton;
611;Livre pour adulte;391;D'après une histoire vraie;Vigan, Delphine de
612;Bande dessinée jeunesse;391;Fairy Tail. 56;Mashima, Hiro
613;Livre pour adulte;391;En camping-car;Jablonka, Ivan
614;Bande dessinée jeunesse;391;L'hôpital des docteurs Toc-Toc;Fraipont, Céline
615;Livre pour adulte;389;Sur les chemins noirs;Tesson, Sylvain
616;Livre pour adulte;389;La fille à histoires;Frain, Irène
617;Livre sonore jeunesse;389;Coco et la confiture;Du Bouchet, Paule
618;DVD jeunesse;388;BGG - Le Bon Gros Géant;
619;Livre pour adulte;388;Souvenirs de la marée basse;Thomas, Chantal
620;DVD jeunesse;388;Harry Potter et la coupe de feu;Newell, Mike
621;Bande dessinée jeunesse;388;Les schtroumpfs joueurs;Parthoens, Luc
622;Livre jeunesse;388;A la sieste tout le monde;Kasano, Yuichi
623;Bande dessinée jeunesse;388;Akissi. 2. Super-héros en plâtre;Abouet, Marguerite
624;Livre jeunesse;388;La toute petite dame;Barton, Byron
625;Bande dessinée jeunesse;387;Le fortiche de la triche;Godi, Bernard
626;Bande dessinée jeunesse;387;Loto et colles;Pica
627;Livre jeunesse;387;Scritch scratch dip clapote !;Crowther, Kitty
628;Livre jeunesse;387;Un peu perdu;Haughton, Chris
629;Bande dessinée jeunesse;386;Naruto. 70;Kishimoto, Masashi
630;DVD jeunesse;386;Les aristochats;
631;Bande dessinée jeunesse;386;My hero academia. 5. Shoto Todoroki : les origines;Horikoshi, Kohei
632;Livre pour adulte;386;Tiens ferme ta couronne;Haenel, Yannick
633;Bande dessinée jeunesse;386;Naruto. 5;Kishimoto, Masashi
634;Livre jeunesse;386;Lili ne veut plus aller à la piscine;Saint Mars, Dominique de
635;Bande dessinée jeunesse;385;Le bouclier arverne;Goscinny, René
636;Livre jeunesse;385;Max a la passion du foot;Saint-Mars, Dominique de
637;Bande dessinée jeunesse;384;My hero academia. 9. My hero;Horikoshi, Kohei
638;Bande dessinée jeunesse;384;J'ai gagné !;Laudec
639;Bande dessinée jeunesse;383;Le monde à l'envers;Didier, Anne
640;Livre jeunesse;383;Ma maison;Barton, Byron
641;Bande dessinée jeunesse;383;Le loto des nombrils;Guibert, Emmanuel
642;Bande dessinée jeunesse;382;My hero academia. 4. Celui qui avait tout;Horikoshi, Kohei
643;DVD jeunesse;382;Ballerina;
644;Bande dessinée jeunesse;382;Chat va bien !;Mr Tan
645;Bande dessinée jeunesse;382;Superstars;Cohen, Jacqueline
646;Bande dessinée jeunesse;382;Naruto. 8;Kishimoto, Masashi
647;Livre pour adulte;381;La dernière des Stanfield;Lévy, Marc
648;Livre jeunesse;381;Papa se rase;Le Saux, Alain
649;Bande dessinée jeunesse;381;Sardine de l'espace. 10. La reine de l'Afripe;Guibert, Emmanuel
650;Livre jeunesse;381;Harry Potter à l'école des sorciers;Rowling, Joanne Kathleen
651;Enregistrement musical pour la jeunesse;381;Comptines pour chanter en anglais;Hudrisier, Cécile
652;Bande dessinée jeunesse;380;En scène !. 1;Cuvie
653;Bande dessinée jeunesse;380;Superfrèreman;Dutto, Olivier
654;Bande dessinée jeunesse;380;Chat glisse;Davis, Jim
655;Bande dessinée jeunesse;380;Carnage total;Midam
656;Bande dessinée jeunesse;380;Salade de schtroumpfs;Peyo
657;Bande dessinée jeunesse;380;Merci, les monstres !;Didier, Anne
658;Livre pour adulte;380;Vernon Subutex. 1;Despentes, Virginie
659;Bande dessinée jeunesse;379;Chi, une vie de chat. 4;Konami, K.
660;Bande dessinée jeunesse;378;Fairy Tail. 55;Mashima, Hiro
661;Bande dessinée jeunesse;378;Fairy Tail. 59;Mashima, Hiro
662;Bande dessinée jeunesse;376;Cédric. 30. Silence, je tourne !;Cauvin, Raoul
663;Livre pour adulte;376;Tension extrême : roman;Forge, Sylvain
664;Bande dessinée jeunesse;376;Astérix et la rentrée gauloise : Goscinny et Uderzo;Goscinny, René
665;Bande dessinée jeunesse;376;Akissi. 1. Attaque de chats;Abouet, Marguerite
666;Bande dessinée jeunesse;376;Le zoo pétrifié;Chamblain, Joris
667;Bande dessinée jeunesse;376;Marion Duval. 22. La reine éternelle;Bouchié, Pascale
668;DVD jeunesse;375;Harry Potter à l'école des sorciers;Columbus, Chris
669;DVD jeunesse;375;Mary Poppins;Stevenson, Robert
670;Livre jeunesse;375;Roulé le loup !;Gay-Para, Praline
671;Livre jeunesse;375;Plouf !;Corentin, Philippe
672;Bande dessinée jeunesse;374;Nelson. 16. Déplorable surprise;Bertschy
673;Bande dessinée jeunesse;374;Rentrée des artistes;Pica
674;Livre jeunesse;374;Bloub bloub bloub;Kasano, Yuichi
675;Livre jeunesse;374;Harry Potter et la chambre des secrets;Rowling, Joanne Kathleen
676;DVD jeunesse;374;La Colline aux coquelicots;
677;Bande dessinée jeunesse;374;La reine du collège;Tessier, Grégory
678;Bande dessinée jeunesse;373;Le cimetière des autobus;Neel, Julien
679;Bande dessinée jeunesse;373;La tribu des affreux;Cohen, Jacqueline
680;Bande dessinée jeunesse;372;Fairy Tail. 53;Mashima, Hiro
681;Livre pour adulte;372;Un appartement à Paris;Musso, Guillaume
682;Livre jeunesse;372;Mais... c'est pas juste !;Blake, Stéphanie
683;Livre jeunesse;372;Le géant de Zéralda;Ungerer, Tomi
684;Bande dessinée jeunesse;372;Pas vu, pas pris !;Zidrou
685;Livre jeunesse;372;La voiture;Valat, Pierre-Marie
686;Livre pour adulte;371;Le jour d'avant : roman;Chalandon, Sorj
687;Livre pour adulte;371;Une femme entre deux mondes;Carrère d'Encausse, Marina
688;Livre jeunesse;371;La chenille qui fait des trous;Carle, Eric
689;Bande dessinée jeunesse;371;Interdit aux monstres;Didier, Anne
690;Bande dessinée jeunesse;370;A nous deux !;Fraipont, Céline
691;Bande dessinée jeunesse;370;L'espoir fait vivre;Dequier, Bruno
692;DVD jeunesse;370;Tout en haut du monde;
693;Livre pour adulte;370;Tous ces chemins que nous n'avons pas pris;Boyd, William
694;Bande dessinée jeunesse;370;L'aéroschtroumpf;Peyo
695;Bande dessinée jeunesse;370;Confisqués !;Zidrou
696;Bande dessinée jeunesse;370;Si seulement...;Dequier, Bruno
697;Bande dessinée jeunesse;369;Naruto. 27;Kishimoto, Masashi
698;Bande dessinée jeunesse;369;Un peu... beaucoup... passionnément !;Tessier, Grégory
699;DVD jeunesse;369;Blanche Neige et les sept nains;
700;Bande dessinée jeunesse;369;Chi, une vie de chat. 11;Konami, Kanata
701;Bande dessinée jeunesse;368;Exécrable par nature;Bertschy
702;Livre pour adulte;368;Fendre l'armure;Gavalda, Anna
703;Bande dessinée jeunesse;368;Fairy Tail. 2;Mashima, Hiro
704;DVD jeunesse;368;Raiponce;
705;Bande dessinée jeunesse;368;Le bal d'été;Algésiras
706;Livre pour adulte;367;Le tour du monde du roi Zibeline;Rufin, Jean-Christophe
707;Livre pour adulte;367;La vengeance du pardon;Schmitt, Éric-Emmanuel
708;Livre pour adulte;367;L'appel du néant;Chattam, Maxime
709;Bande dessinée jeunesse;366;Fairy Tail. 52;Mashima, Hiro
710;Bande dessinée jeunesse;366;Ça sent les vacances !;Zidrou
711;Bande dessinée jeunesse;366;Les secrets de l'univers;Guibert, Emmanuel
712;Livre pour adulte;365;Vernon Subutex. 2;Despentes, Virginie
713;Livre sonore jeunesse;365;Bulle et Bob se déguisent;Tual, Nathalie
714;Livre pour adulte;365;Me voici;Foer, Jonathan Safran
715;Bande dessinée jeunesse;365;Platine laser;Sfar, Joann
716;DVD jeunesse;365;Les aventures de Bernard et Bianca;Reitherman, Wolfgang
717;Livre jeunesse;365;Une soupe au caillou;Vaugelade, Anaïs
718;Bande dessinée jeunesse;365;Fairy Tail. 4;Mashima, Hiro
719;Livre jeunesse;365;Cubes surprises;Yonezu, Yusuke
720;Bande dessinée jeunesse;364;In-cu-ra-ble !;Zidrou
721;Bande dessinée jeunesse;364;Fairy Tail. 50;Mashima, Hiro
722;Livre jeunesse;364;La mémoire de Babel;Dabos, Christelle
723;Bande dessinée jeunesse;364;Astérix chez les Bretons;Goscinny, René
724;Bande dessinée jeunesse;364;Fairy Tail. 3;Mashima, Hiro
725;Bande dessinée jeunesse;364;Emile et Margot. 2. Monstrueuses bêtises !;Didier, Anne
726;Bande dessinée jeunesse;364;Au château de Crotte de Maille;Fraipont, Céline
727;Bande dessinée pour adulte;363;L'étoile du matin;Giacometti, Eric
728;Livre pour adulte;363;Dernières nouvelles;Harrison, Jim
729;Bande dessinée jeunesse;363;La cousine Manga;Guibert, Emmanuel
730;Bande dessinée jeunesse;363;Naruto. 13;Kishimoto, Masashi
731;Livre jeunesse;363;A ce soir !;Ashbé, Jeanne
732;Livre jeunesse;363;Papa aime;Le Saux, Alain
733;Enregistrement musical pour la jeunesse;363;Mon imagier des comptines de la maternelle;Davois, Bernard
734;Bande dessinée jeunesse;362;My hero academia. 7. Katsuki Bakugo : les origines;Horikoshi, Kohei
735;Bande dessinée jeunesse;362;Premiers doutes;Hamon, Jérôme
736;Livre pour adulte;362;La reine du bal;Clark, Mary Higgins
737;Bande dessinée jeunesse;362;En quête d'amour;Tessier, Grégory
738;Bande dessinée jeunesse;362;Relax !;Corbeyran
739;Bande dessinée jeunesse;361;Madame Minuscule;Fraipont, Céline
740;DVD jeunesse;361;Kirikou et la sorcière;Ocelot, Michel
741;Bande dessinée jeunesse;360;Les Schtroumpfs en vacances;Peyo
742;Bande dessinée jeunesse;360;Une soeur Présidente;Dutto, Olivier
743;Livre jeunesse;360;Papa est content;Le Saux, Alain
744;DVD jeunesse;360;Matilda;
745;DVD jeunesse;360;Le conte de la princesse Kaguya;
746;DVD jeunesse;359;Le chant de la mer;
747;Livre jeunesse;359;Le pot de Tom;Lindgren, Barbro
748;Bande dessinée jeunesse;359;Le lézard de l'ombre;Derib
749;Livre jeunesse;359;Papa gonfle;Le Saux, Alain
750;Bande dessinée jeunesse;359;Mini cataclysme;Bertschy
751;Bande dessinée jeunesse;358;Les profs. 17. Sortie scolaire;Erroc
752;Livre pour adulte;358;Nuit;Minier, Bernard
753;Bande dessinée jeunesse;358;One Piece : édition originale. 83. Charlotte Linlin;Oda, Eiichirō
754;Livre pour adulte;358;La salle de bal;Hope, Anna
755;Livre jeunesse;358;La lessive de la famille Souris;Iwamura, Kazuo
756;Livre jeunesse;358;La chèvre biscornue;Kiffer, Christine
757;Bande dessinée jeunesse;358;Naruto. 12;Kishimoto, Masashi
758;Livre jeunesse;358;Trop c'est trop;Kinney, Jeff
759;Bande dessinée jeunesse;358;Un bazar monstre. 3;Didier, Anne
760;DVD jeunesse;358;Les enfants loups, Ame & Yuki;
761;Bande dessinée jeunesse;357;A la folie;Corbeyran
762;Bande dessinée jeunesse;357;Garfield perd la boule;Davis, Jim
763;Bande dessinée jeunesse;357;Un amour de potache;Godi, Bernard
764;Bande dessinée jeunesse;357;Inazuma eleven. 1;Yabuno, Tenya
765;DVD jeunesse;357;Le monde de Narnia - L'Odyssée du passeur d'aurore;
766;Bande dessinée pour adulte;357;Bonny and Pierrot;Lupano
767;Bande dessinée jeunesse;356;Temps de chien !;Cauvin, Raoul
768;Bande dessinée pour adulte;356;Dans la combi de Thomas Pesquet;Montaigne, Marion
769;Bande dessinée jeunesse;356;Naruto. 18;Kishimoto, Masashi
770;Livre jeunesse;356;La famille Souris prépare le nouvel an;Iwamura, Kazuo
771;Bande dessinée jeunesse;356;Chi, une vie de chat. 10;Konami, Kanata
772;Bande dessinée jeunesse;355;Fairy Tail. 51;Mashima, Hiro
773;Bande dessinée jeunesse;355;One Piece : édition originale. 82. Un monde en pleine agitation;Oda, Eiichirō
774;Livre jeunesse;355;La moufle;Desnouveaux, Florence
775;Bande dessinée jeunesse;355;Oups !;Midam
776;Bande dessinée jeunesse;355;Définitivement nuisible;Bertschy
777;Bande dessinée jeunesse;354;Boule & Bill. 36. Flair de cocker;Verron, Laurent
778;Bande dessinée pour adulte;354;Le premier homme;Ferrandez, Jacques
779;Bande dessinée jeunesse;354;Le mangeur d'étoiles;Derib
780;Bande dessinée jeunesse;354;Naruto. 62;Kishimoto, Masashi
781;Livre pour adulte;353;Le dompteur de lions;Läckberg, Camilla
782;Bande dessinée jeunesse;353;0+0 = Duco !;Zidrou
783;Livre jeunesse;353;Tu nous emmènes ?;Kasano, Yuichi
784;Livre jeunesse;352;Ma voiture;Barton, Byron
785;Bande dessinée jeunesse;351;Attention tornade;Cazenove, Christophe
786;Livre pour adulte;351;Classé sans suite : roman;Magris, Claudio
787;Livre pour adulte;351;Une vie sans fin;Beigbeder, Frédéric
788;Bande dessinée jeunesse;351;Le petit Spirou. 15. Tiens-toi droit !;Tome
789;Bande dessinée jeunesse;351;Personne en vue !;Didier, Anne
790;Livre jeunesse;351;Pas de bol !;Kinney, Jeff
791;Bande dessinée jeunesse;350;Schtroumpf le héros;Jost, Alain
792;Bande dessinée jeunesse;350;Fairy Tail. 48;Mashima, Hiro
793;Livre pour adulte;350;Le mystère Henri Pick;Foenkinos, David
794;Bande dessinée jeunesse;350;Un prince à croquer. 2. Plat;Lyfoung, Patricia
795;Bande dessinée jeunesse;350;Chat geek;Davis, Jim
796;Livre jeunesse;349;Le tracteur;Valat, Pierre-Marie
797;Bande dessinée jeunesse;349;Mise en examen;Pica
798;DVD jeunesse;349;Le voyage de Chihiro;Miyazaki, Hayao
799;Livre jeunesse;349;Max et les Maximonstres;Sendak, Maurice
800;DVD jeunesse;349;L'âge de glace;
801;Bande dessinée jeunesse;349;Naruto. 29;Kishimoto, Masashi
802;Bande dessinée jeunesse;349;Frère adoré chéri de mon coeur !;Dutto, Olivier
803;Livre jeunesse;348;Le loup est revenu !;Pennart, Geoffroy de
804;Bande dessinée jeunesse;348;Le bal d'hiver;Algésiras
805;Bande dessinée jeunesse;348;Amour glacé;Fraipont, Céline
806;Bande dessinée jeunesse;348;Gargamel et les Schtroumpfs;Peyo
807;Bande dessinée jeunesse;348;Louca. 2. Face à face;Dequier, Bruno
808;Bande dessinée jeunesse;347;Tout le monde te regarde !;Tome
809;Livre pour adulte;347;Pactum salis;Bourdeaut, Olivier
810;Bande dessinée pour adulte;347;Diplomatie;Nury, Fabien
811;Livre pour adulte;347;La punition : récit;Ben Jelloun, Tahar
812;Bande dessinée jeunesse;347;Naruto. 17;Kishimoto, Masashi
813;DVD jeunesse;346;Le voyage d'Arlo;
814;Livre pour adulte;346;Intimidation;Coben, Harlan
815;Livre pour adulte;346;Selfies;Adler-Olsen, Jussi
816;Bande dessinée jeunesse;346;Record battu !;Didier, Anne
817;Bande dessinée jeunesse;345;Naruto. 66;Kishimoto, Masashi
818;Livre jeunesse;345;Et le soir quand la nuit tombe...;Crausaz, Anne
819;Bande dessinée pour adulte;345;Celui qui part;Lupano
820;Bande dessinée jeunesse;345;Le cimetière des autobus;Neel, Julien
821;Bande dessinée jeunesse;345;Le remonte-kiki;Sfar, Joann
822;Bande dessinée jeunesse;345;Game over. 9. Bomba fatale;Midam
823;Bande dessinée jeunesse;344;Mission relooking;Tessier, Greg
824;Livre jeunesse;344;Max a triché;Saint Mars, Dominique de
825;Bande dessinée jeunesse;344;Elle est moche !;Cauvin, Raoul
